departamento,total_empleados,salario_medio,evaluacion_media,horas_totales_trabajadas,horas_facturables_totales
Finanzas,12,34840.40666666667,3.488461538461538,507.5,373.7
Marketing,24,29917.275833333333,5.24077380952381,991.5,688.2
Operaciones,10,38888.64,6.739999999999999,409.2,159.3
Rrhh,11,34414.26181818182,4.783333333333333,460.5,327.4
Tecnología,17,28491.46,5.31764705882353,684.0,484.0
Ventas,21,30528.759047619045,5.6380952380952385,836.9,696.6
